name-nl,price,artnum,image,link
ALABASTINE Sneldrogende voorstrijk transparant 1 l,"5,79 €*",6357348,https://media.hornbach.nl/hb/packshot/as.53575132.jpg?dvid=8,https://www.hornbach.nl/p/alabastine-sneldrogende-voorstrijk-transparant-1-l/6357348/
"ALABASTINE Sneldrogende voorstrijk transparant 2,5 l","12,29 €*",6357349,https://media.hornbach.nl/hb/packshot/as.53575135.jpg?dvid=8,https://www.hornbach.nl/p/alabastine-sneldrogende-voorstrijk-transparant-2-5-l/6357349/
ALABASTINE Sneldrogende voorstrijk transparant 5 l,"25,29 €*",8423163,https://media.hornbach.nl/hb/packshot/as.53569374.jpg?dvid=8,https://www.hornbach.nl/p/alabastine-sneldrogende-voorstrijk-transparant-5-l/8423163/
ALABASTINE Sneldrogende voorstrijk transparant 10 l,"37,39 €*",8423164,https://media.hornbach.nl/hb/packshot/as.53569398.jpg?dvid=8,https://www.hornbach.nl/p/alabastine-sneldrogende-voorstrijk-transparant-10-l/8423164/
ALABASTINE Rolbare voorstrijk dekkend wit 5 l,"36,89 €*",7946743,https://media.hornbach.nl/hb/packshot/as.53568091.jpg?dvid=8,https://www.hornbach.nl/p/alabastine-rolbare-voorstrijk-dekkend-wit-5-l/7946743/
MODULAN 2401 Voorstrijk 5 l,"22,95 €*",10474857,https://media.hornbach.nl/hb/packshot/as.46944730.jpg?dvid=8,https://www.hornbach.nl/p/modulan-2401-voorstrijk-5-l/10474857/
MODULAN 2401 Voorstrijk 10 l,"39,95 €*",10474855,https://media.hornbach.nl/hb/packshot/as.46944183.jpg?dvid=8,https://www.hornbach.nl/p/modulan-2401-voorstrijk-10-l/10474855/
FLEVOPOL Universeel hechtmiddel wit 1 l,"14,95 €*",4139607,https://media.hornbach.nl/hb/packshot/as.46551780.jpg?dvid=8,https://www.hornbach.nl/p/flevopol-universeel-hechtmiddel-wit-1-l/4139607/
FLEVOPOL Universeel hechtmiddel wit 5 l,"66,49 €*",4139608,https://media.hornbach.nl/hb/packshot/as.46552394.jpg?dvid=8,https://www.hornbach.nl/p/flevopol-universeel-hechtmiddel-wit-5-l/4139608/
POREX Isolerende voorstrijk 2000 1 l,"22,95 €*",4139602,https://media.hornbach.nl/hb/packshot/as.46551105.jpg?dvid=8,https://www.hornbach.nl/p/porex-isolerende-voorstrijk-2000-1-l/4139602/
"POREX Isolerende voorstrijk 2000 2,5 l","44,95 €*",4139603,https://media.hornbach.nl/hb/packshot/as.46551357.jpg?dvid=8,https://www.hornbach.nl/p/porex-isolerende-voorstrijk-2000-2-5-l/4139603/
DE MUURVERFFABRIEK Supreme-dek Primer wit 10 l,"32,95 €*",10581652,https://media.hornbach.nl/hb/packshot/as.63532821.jpg?dvid=8,https://www.hornbach.nl/p/de-muurverffabriek-supreme-dek-primer-wit-10-l/10581652/
ALABASTINE Spuitbus Xtra voorstrijk vlekken wit 500 ml,"16,39 €*",4147204,https://media.hornbach.nl/hb/packshot/as.53574766.jpg?dvid=8,https://www.hornbach.nl/p/alabastine-spuitbus-xtra-voorstrijk-vlekken-wit-500-ml/4147204/
ALABASTINE Xtra voorstrijk vochtige muren en kelders semi-transparant 1 l,"20,29 €*",5198128,https://media.hornbach.nl/hb/packshot/as.53575126.jpg?dvid=8,https://www.hornbach.nl/p/alabastine-xtra-voorstrijk-vochtige-muren-en-kelders-semi-transparant-1-l/5198128/
"ALABASTINE Xtra voorstrijk vochtige muren en kelders semi-transparant 2,5 l","43,39 €*",8423167,https://media.hornbach.nl/hb/packshot/as.53570064.jpg?dvid=8,https://www.hornbach.nl/p/alabastine-xtra-voorstrijk-vochtige-muren-en-kelders-semi-transparant-2-5-l/8423167/
MODULAN 2402 Hechtgrond 5 l,"24,95 €*",10474853,https://media.hornbach.nl/hb/packshot/as.46942913.jpg?dvid=8,https://www.hornbach.nl/p/modulan-2402-hechtgrond-5-l/10474853/
MODULAN 2402 Hechtgrond 10 l,"39,95 €*",10474868,https://media.hornbach.nl/hb/packshot/as.46947422.jpg?dvid=8,https://www.hornbach.nl/p/modulan-2402-hechtgrond-10-l/10474868/
"ALABASTINE Voorstrijk sneldrogend wit 2,5 l","20,59 €*",6357350,https://media.hornbach.nl/hb/packshot/as.53575133.jpg?dvid=8,https://www.hornbach.nl/p/alabastine-voorstrijk-sneldrogend-wit-2-5-l/6357350/
ALABASTINE Xtra voorstrijk vlekken wit 1 l,"20,25 €*",4139141,https://media.hornbach.nl/hb/packshot/as.53519074.jpg?dvid=8,https://www.hornbach.nl/p/alabastine-xtra-voorstrijk-vlekken-wit-1-l/4139141/
"ALABASTINE Xtra voorstrijk vlekken wit 2,5 l","42,95 €*",8423166,https://media.hornbach.nl/hb/packshot/as.53570023.jpg?dvid=8,https://www.hornbach.nl/p/alabastine-xtra-voorstrijk-vlekken-wit-2-5-l/8423166/
ALABASTINE Rolbare voorstrijk 4in1 dekkend wit 5 l,"40,49 €*",8423165,https://media.hornbach.nl/hb/packshot/as.53569623.jpg?dvid=8,https://www.hornbach.nl/p/alabastine-rolbare-voorstrijk-4in1-dekkend-wit-5-l/8423165/
ALABASTINE Rolbare voorstrijk sneldrogend transparant 5 l,"33,25 €*",7226757,https://media.hornbach.nl/hb/packshot/as.53520674.jpg?dvid=8,https://www.hornbach.nl/p/alabastine-rolbare-voorstrijk-sneldrogend-transparant-5-l/7226757/
ALABASTINE Xtra voorstrijk alles-in-1 wit 1 l,"16,29 €*",6357352,https://media.hornbach.nl/hb/packshot/as.53576112.jpg?dvid=8,https://www.hornbach.nl/p/alabastine-xtra-voorstrijk-alles-in-1-wit-1-l/6357352/
"ALABASTINE Xtra voorstrijk alles-in-1 wit 2,5 l","34,89 €*",6357353,https://media.hornbach.nl/hb/packshot/as.46060156.jpg?dvid=8,https://www.hornbach.nl/p/alabastine-xtra-voorstrijk-alles-in-1-wit-2-5-l/6357353/
ALABASTINE Spuitbus Xtra voorstrijk vochtige muren en kelders wit 500 ml,"17,49 €*",7649020,https://media.hornbach.nl/hb/packshot/as.46866143.jpg?dvid=8,https://www.hornbach.nl/p/alabastine-spuitbus-xtra-voorstrijk-vochtige-muren-en-kelders-wit-500-ml/7649020/
ALABASTINE Xtra voorstrijk fixeer transparant 1 l,"14,95 €*",4139098,https://media.hornbach.nl/hb/packshot/as.53573366.jpg?dvid=8,https://www.hornbach.nl/p/alabastine-xtra-voorstrijk-fixeer-transparant-1-l/4139098/
"ALABASTINE Xtra voorstrijk fixeer transparant 2,5 l","33,59 €*",4139099,https://media.hornbach.nl/hb/packshot/as.53573366.jpg?dvid=8,https://www.hornbach.nl/p/alabastine-xtra-voorstrijk-fixeer-transparant-2-5-l/4139099/
BUILD Voorstrijk dekkend wit 5 l,"40,95 €*",6533732,https://media.hornbach.nl/hb/packshot/as.61802128.jpg?dvid=8,https://www.hornbach.nl/p/build-voorstrijk-dekkend-wit-5-l/6533732/
BUILD Voorstrijk dekkend wit 10 l,"75,95 €*",6533733,https://media.hornbach.nl/hb/packshot/as.61802129.jpg?dvid=8,https://www.hornbach.nl/p/build-voorstrijk-dekkend-wit-10-l/6533733/
"ALABASTINE Rolbare voorstrijk vloeren transparant 2,5 l","26,95 €*",6357356,https://media.hornbach.nl/hb/packshot/as.53576115.jpg?dvid=8,https://www.hornbach.nl/p/alabastine-rolbare-voorstrijk-vloeren-transparant-2-5-l/6357356/
ALABASTINE Voorstrijk hechting gesloten ondergronden transparant 5 kg,"45,95 €*",6225624,https://media.hornbach.nl/hb/packshot/as.53520271.jpg?dvid=8,https://www.hornbach.nl/p/alabastine-voorstrijk-hechting-gesloten-ondergronden-transparant-5-kg/6225624/
HORNBACH Grondering voor minerale pleister 5 l,"42,95 €*",10006232,https://media.hornbach.nl/hb/packshot/as.90787935.jpg?dvid=8,https://www.hornbach.nl/p/hornbach-grondering-voor-minerale-pleister-5-l/10006232/
"ALABASTINE Voorstrijk sneldrogend grijs 2,5 l","20,59 €*",6357351,https://media.hornbach.nl/hb/packshot/as.46059635.jpg?dvid=8,https://www.hornbach.nl/p/alabastine-voorstrijk-sneldrogend-grijs-2-5-l/6357351/
PROFIMUR Dekkende voorstrijk 705 wit 5 l,"39,95 €*",10609826,https://media.hornbach.nl/hb/packshot/as.82186137.jpg?dvid=8,https://www.hornbach.nl/p/profimur-dekkende-voorstrijk-705-wit-5-l/10609826/
PROFIMUR Putz- en decorgrond 732 voorstrijk voor structuurverf 15 kg wit,"56,95 €*",10609821,https://media.hornbach.nl/hb/packshot/as.87945203.jpg?dvid=8,https://www.hornbach.nl/p/profimur-putz-en-decorgrond-732-voorstrijk-voor-structuurverf-15-kg-wit/10609821/
STYLECOLOR Isolerende grondverf voor krijtverf kleurloos 375 ml,"13,95 €*",6280267,https://media.hornbach.nl/hb/packshot/as.88761259.jpg?dvid=8,https://www.hornbach.nl/p/stylecolor-isolerende-grondverf-voor-krijtverf-kleurloos-375-ml/6280267/
